puma,distrito
04103,Manhattan
04104,Manhattan
04107,Manhattan
04108,Manhattan
04109,Manhattan
04110,Manhattan
04111,Manhattan
04112,Manhattan
04121,Manhattan
04165,Manhattan
04204,Bronx
04205,Bronx
04207,Bronx
04208,Bronx
04209,Bronx
04210,Bronx
04211,Bronx
04212,Bronx
04221,Bronx
04263,Bronx
04301,Brooklyn
04302,Brooklyn
04303,Brooklyn
04304,Brooklyn
04305,Brooklyn
04306,Brooklyn
04307,Brooklyn
04308,Brooklyn
04309,Brooklyn
04310,Brooklyn
04311,Brooklyn
04312,Brooklyn
04313,Brooklyn
04314,Brooklyn
04315,Brooklyn
04316,Brooklyn
04317,Brooklyn
04318,Brooklyn
04401,Queens
04402,Queens
04403,Queens
04404,Queens
04405,Queens
04406,Queens
04407,Queens
04408,Queens
04409,Queens
04410,Queens
04411,Queens
04412,Queens
04413,Queens
04414,Queens
04501,Staten Island
04502,Staten Island
04503,Staten Island
